Model,Link,Details,Price,Shipping Price
Grand Seiko Elegance Collection,https://www.chrono24.com/grandseiko/elegance-collection--id31604957.htm,SBGM221,3800,
Grand Seiko Elegance Collection,https://www.chrono24.com/grandseiko/grand-seiko-elegance-collection-gmt-40mm-mint-2023-box--papers--id31245944.htm,GMT 40mm MINT 2023 Box & Papers,4199,129
Grand Seiko Elegance Collection,https://www.chrono24.com/grandseiko/elegance-collection--id31638271.htm,SBGM221,4226,
Grand Seiko Elegance Collection,https://www.chrono24.com/grandseiko/elegance-gmt-395mm-cream-dial-stainless-steel-sbgm221-full-set--id32286313.htm,GMT 39.5MM Cream Dial Stainless Steel SBGM221 Full Set,4250,99
Grand Seiko Elegance Collection,https://www.chrono24.com/grandseiko/elegance-collection--id31755984.htm,SBGM221,4551,
Grand Seiko Elegance Collection,https://www.chrono24.com/grandseiko/grand-seiko-grand-seiko-automatic-gmt--id27126389.htm,Automatic Gmt,4798,212
Grand Seiko Elegance Collection,https://www.chrono24.com/grandseiko/elegance-collection--id31825094.htm,SBGM221,4217,
Grand Seiko Elegance Collection,https://www.chrono24.com/grandseiko/seiko--grand-seiko-sbgm221-sbgm221g--id20005171.htm,(セイコー) Grand Seiko SBGM221 SBGM221G,3638,33
Grand Seiko Elegance Collection,https://www.chrono24.com/grandseiko/grand-seiko-elegance-collection-automatic-gmt--id30910466.htm,Automatic GMT,4464,201
Grand Seiko Elegance Collection,https://www.chrono24.com/grandseiko/grand-seiko-elegance-collection-automatic-watch-sbgm221-new--id30649973.htm,Automatic Watch SBGM221 (NEW),4258,69
Grand Seiko Elegance Collection,https://www.chrono24.com/grandseiko/grand-seiko-sbgm221-sbgm221g-elegance-collection-gmt-mens-watch--id12916040.htm,SBGM221 SBGM221G Elegance Collection GMT men's watch,3649,33
Grand Seiko Elegance Collection,https://www.chrono24.com/grandseiko/grand-seiko-grand-seiko-automatic-gmt--id29235988.htm,Automatic Gmt,4464,335
Grand Seiko Elegance Collection,https://www.chrono24.com/grandseiko/elegance-gmt-stainless-steel-cream-dial-39mm-sbgm221-full-set--id32466351.htm,GMT Stainless Steel Cream Dial 39mm SBGM221 Full Set,4250,99
Grand Seiko Elegance Collection,https://www.chrono24.com/grandseiko/grand-seiko-sbgm221--id25387445.htm,SBGM221,4519,167
Grand Seiko Elegance Collection,https://www.chrono24.com/grandseiko/elegance-collection-40mm-steel-case-ivory-dial-crocodile-skin-bracelet-sbgm221g-new---warranty-2024--id32033070.htm,40mm Steel Case Ivory Dial Crocodile Skin Bracelet SBGM221G NEW - Warranty: 2024,4787,279
Grand Seiko Elegance Collection,https://www.chrono24.com/grandseiko/elegance-collection--id32598403.htm,SBGM221,3631,
Grand Seiko Elegance Collection,https://www.chrono24.com/grandseiko/grand-seiko-grand-seiko-elegance-collection-automatic-gmt-sbgm221--id32621379.htm,Automatic GMT SBGM221,4408,95
Grand Seiko Elegance Collection,https://www.chrono24.com/grandseiko/grand-seiko--id21809690.htm,SBGM221,5309,118
Grand Seiko Elegance Collection,https://www.chrono24.com/grandseiko/sbgm221---classic-and-elegant-mechanical-gmt-mens-watch--id23528148.htm,SBGM221 - Classic and Elegant Mechanical GMT Men's Watch,5883,88
Grand Seiko Elegance Collection,https://www.chrono24.com/grandseiko/grand-seiko-mens-sbgm221g-elegance-beige-dial-watch--id13275176.htm,Men's SBGM221G Elegance Beige Dial Watch,4458,44
Grand Seiko Elegance Collection,https://www.chrono24.com/grandseiko/grand-seiko-grand-seiko-automatic-gmt--id29235873.htm,Automatic Gmt,4464,145
Grand Seiko Elegance Collection,https://www.chrono24.com/grandseiko/grand-seiko-grand-seiko-elegance--id31861480.htm,SBGM221,4037,105
Grand Seiko Elegance Collection,https://www.chrono24.com/grandseiko/sbgm221---classic-and-elegant-mechanical-gmt-mens-watch--id23524992.htm,SBGM221 - Classic and Elegant Mechanical GMT Men's Watch,4682,97
Grand Seiko Elegance Collection,https://www.chrono24.com/grandseiko/grand-seiko-gmt-sbgm221--id29252534.htm,GMT SBGM221,5356,99
Grand Seiko Elegance Collection,https://www.chrono24.com/grandseiko/grand-seiko-elegance-collection-gmt--id25631386.htm,GMT,4464,
Grand Seiko Elegance Collection,https://www.chrono24.com/grandseiko/grand-seiko-automatic-gmt--id8017536.htm,Automatic GMT,4854,167
